feature,surrogate_coefficient,case_transformed_value,local_contribution,absolute_contribution
Mechanical power [W],0.6456893536934207,2.6002320871489712,-0.002163159438718688,0.002163159438718688
Torque [Nm],1.185283906656975,1.855607414538037,-0.0020165860028393727,0.0020165860028393727
Rotational speed [rpm],0.1913351527069554,-0.3342115937625742,0.0003569852868002339,0.0003569852868002339
Temperature difference [K],-0.020240085589876493,0.702989499250072,-0.0001449911101312997,0.0001449911101312997
Tool wear [min],0.009149015481607695,1.0640290007497168,0.00012577283426177106,0.00012577283426177106
Type_L,0.01657970095497307,0.0,-0.00010913069471595388,0.00010913069471595388
Type_M,-0.012986966415693095,1.0,-8.631422357097865e-05,8.631422357097865e-05
Process temperature [K],-0.016093739235786022,-0.8805057936163828,1.8927096010222068e-05,1.8927096010222068e-05
Air temperature [K],-0.0018272964294973623,-1.0028149247698728,8.119964864073199e-06,8.119964864073199e-06
Type_H,-0.0035927345392779034,0.0,2.300495822832879e-07,2.300495822832879e-07
