mean_fit_time,std_fit_time,mean_score_time,std_score_time,param_model__max_depth,param_model__max_features,param_model__min_samples_leaf,params,split0_test_score,split1_test_score,split2_test_score,split3_test_score,split4_test_score,mean_test_score,std_test_score,rank_test_score,split0_train_score,split1_train_score,split2_train_score,split3_train_score,split4_train_score,mean_train_score,std_train_score
4.499679136276245,0.23036354076053803,0.33986363410949705,0.09296581780141579,14,0.7,3,"{'model__max_depth': 14, 'model__max_features': 0.7, 'model__min_samples_leaf': 3}",0.9499469992259892,0.8380443999218383,0.8810051769166694,0.8240079978428139,0.9073481827898128,0.8800705513394247,0.045906138977898935,1,0.9972222066484108,0.9963112059365102,0.9963331657963437,0.9986088257138359,0.9959040551510354,0.9968758918492272,0.0009675620947198242
3.4377302646636965,0.6968221295748598,0.7669781684875489,0.4758774234000385,,0.7,3,"{'model__max_depth': None, 'model__max_features': 0.7, 'model__min_samples_leaf': 3}",0.9470509624642283,0.8416211303219783,0.8814614056292691,0.8232645608374826,0.906051548510527,0.8798899215526971,0.044426202993261624,2,0.9973601879215832,0.9965365254543681,0.9963952108369214,0.9986518535595509,0.9960826624236931,0.9970052880392233,0.0009252353775544647
2.805242156982422,0.7780602534979861,1.9107475280761719,0.7629303005681304,14,0.7,1,"{'model__max_depth': 14, 'model__max_features': 0.7, 'model__min_samples_leaf': 1}",0.9424897185826552,0.848704542029195,0.8621620406180603,0.8074085854539778,0.9105508894962545,0.8742631552360287,0.04741492758325982,3,1.0,1.0,0.9999999999999999,0.9999999999999999,1.0,1.0,7.021666937153402e-17
2.2485726833343507,0.42038496508891054,1.0818002700805665,0.7242391727158795,,0.7,1,"{'model__max_depth': None, 'model__max_features': 0.7, 'model__min_samples_leaf': 1}",0.9378876692770794,0.8505770265218083,0.8724059331685019,0.8041418862019784,0.905954303246218,0.8741933636831172,0.04589958089804239,4,1.0,1.0,1.0,1.0,1.0,1.0,0.0
2.5158079147338865,0.1295636936748669,1.4266995429992675,0.13563583099518653,,0.7,8,"{'model__max_depth': None, 'model__max_features': 0.7, 'model__min_samples_leaf': 8}",0.9516315522095034,0.8271690594256454,0.8699116660080475,0.8187347261153565,0.9020970972050985,0.8739088201927302,0.049153158939129166,5,0.9764154703166469,0.9761680531308128,0.9744765117744375,0.983998560882754,0.9737913594453165,0.9769699911099936,0.003651644269087565
4.909612989425659,0.09353285640241052,0.2787037372589111,0.07019655162632048,14,sqrt,1,"{'model__max_depth': 14, 'model__max_features': 'sqrt', 'model__min_samples_leaf': 1}",0.939974182104163,0.8527343981043137,0.8709350912497327,0.8065810028671085,0.8992253317057188,0.8738900012062075,0.04471194522572626,6,1.0,0.9999999999999999,1.0,1.0,1.0,1.0,4.965068306494546e-17
4.4782922744750975,0.16979171902431717,0.32839312553405764,0.08222652727855066,14,0.7,8,"{'model__max_depth': 14, 'model__max_features': 0.7, 'model__min_samples_leaf': 8}",0.9515959092097884,0.8265717310696175,0.8697965688067433,0.8179771989712747,0.9011162310303564,0.8734115278175562,0.04931601641753136,7,0.976289064124553,0.9759188935928751,0.9745124186868944,0.9839617927044281,0.9736527530191176,0.9768669844255736,0.003672722041404462
4.1108513355255125,0.9870339334655056,0.7521951198577881,0.5512319685498712,8,0.7,8,"{'model__max_depth': 8, 'model__max_features': 0.7, 'model__min_samples_leaf': 8}",0.9529942291076738,0.8270027686150151,0.8631559208123426,0.8222632735916866,0.897483701561001,0.8725799787375438,0.04854794092466405,8,0.9702345941841097,0.9706592575726232,0.9688007920587682,0.9806104125564247,0.9687892120300832,0.9718188536804018,0.004459450038663205
2.253008222579956,0.2818960754804544,1.4914634704589844,0.5157441237057353,,sqrt,1,"{'model__max_depth': None, 'model__max_features': 'sqrt', 'model__min_samples_leaf': 1}",0.9384444430441505,0.8491757691044043,0.8775604347747686,0.7976057352342548,0.8997455066993606,0.8725063777713877,0.04747581624808691,9,1.0,1.0,0.9999999999999999,1.0,0.9999999999999999,1.0,7.021666937153402e-17
3.4305699825286866,0.26083815546775546,0.5747682094573975,0.12827828947331785,,sqrt,3,"{'model__max_depth': None, 'model__max_features': 'sqrt', 'model__min_samples_leaf': 3}",0.9432021427856742,0.8325392266907631,0.8811221878722794,0.8073779232653686,0.8943242124032512,0.8717131386034673,0.04771600128390818,10,0.9975849178064322,0.9969445150265694,0.9964463977808392,0.9977341840643335,0.9951634822454316,0.9967746993847213,0.0009284077451808411
4.114572429656983,1.0812882014387202,0.8054369449615478,1.032256156675469,14,sqrt,3,"{'model__max_depth': 14, 'model__max_features': 'sqrt', 'model__min_samples_leaf': 3}",0.9436462718314923,0.8342501319604639,0.8807329987671698,0.8079294052713275,0.8886365022319127,0.8710390620124733,0.04692910265100055,11,0.9976837612788155,0.9967559760015179,0.996344715460671,0.9978039959025555,0.9951330785659607,0.9967443054419041,0.0009758464574643431
3.0878801345825195,0.24938728880936437,0.9484261035919189,0.7403809888237625,8,0.7,3,"{'model__max_depth': 8, 'model__max_features': 0.7, 'model__min_samples_leaf': 3}",0.9404556813070638,0.8326846455558289,0.8547303847087676,0.8321076941922932,0.8945559161327679,0.8709068643793444,0.041531452414791795,12,0.9921705745745469,0.9904881803335539,0.9883690070556589,0.995068061869033,0.9912682190130198,0.9914728085691624,0.0021935203291771556
3.8021155834197997,0.25996218003663835,0.36855640411376955,0.1599110294012071,8,sqrt,3,"{'model__max_depth': 8, 'model__max_features': 'sqrt', 'model__min_samples_leaf': 3}",0.945156543165954,0.8172241124286703,0.8538723295025418,0.814110515508752,0.8917471806651491,0.8644221362542133,0.049264416304305086,13,0.9860940164303071,0.9906239890492852,0.9867878927561572,0.991436687862342,0.985823944087802,0.9881533060371787,0.0023839389656736946
3.995229148864746,0.19182770488804343,0.28362674713134767,0.1121016144921097,8,sqrt,8,"{'model__max_depth': 8, 'model__max_features': 'sqrt', 'model__min_samples_leaf': 8}",0.945690214442147,0.8152831265381757,0.8527934819840465,0.7974297795169024,0.8856021258689448,0.8593597456700433,0.05284467283943349,14,0.9665103761580889,0.9726297230837386,0.9682269564082858,0.9768521736864122,0.966262623179795,0.9700963705032641,0.004077019376671371
3.643363428115845,0.9723188698233114,0.9141861438751221,0.5178872680531116,,sqrt,8,"{'model__max_depth': None, 'model__max_features': 'sqrt', 'model__min_samples_leaf': 8}",0.9453708706349508,0.8125241959437685,0.8587803543592595,0.7948444852248399,0.8844126309810658,0.8591865074287769,0.053631210811356494,15,0.9796675311944907,0.9830720042712247,0.978029316851618,0.9851357801731484,0.9770851287092774,0.9805979522399518,0.003050125113579505
2.2441430568695067,0.06528932809835628,2.561658239364624,0.07334472894328807,14,sqrt,8,"{'model__max_depth': 14, 'model__max_features': 'sqrt', 'model__min_samples_leaf': 8}",0.9455590374330244,0.8114217048477432,0.859148813293728,0.7944972128527739,0.8850631324002676,0.8591379801655075,0.054029592824612775,16,0.9794226631416086,0.9834120590071741,0.9778541971943816,0.9852488085412952,0.9765142711884759,0.9804903998145871,0.0033189688385708567
3.1569639682769775,0.4554883549976788,0.957924747467041,0.42824741871386834,8,sqrt,1,"{'model__max_depth': 8, 'model__max_features': 'sqrt', 'model__min_samples_leaf': 1}",0.9305958271475978,0.8097737936699204,0.8446232134836513,0.8137276719822785,0.8829574320544318,0.8563355876675759,0.045483888608029016,17,0.9926653135740227,0.9949793578451899,0.992756436794332,0.9962327301985289,0.9929486070426906,0.9939164890909528,0.0014382364215640958
3.0523643493652344,0.06564362286297093,1.0986419200897217,0.9443378031937536,8,0.7,1,"{'model__max_depth': 8, 'model__max_features': 0.7, 'model__min_samples_leaf': 1}",0.9191430770558195,0.824013461167973,0.8279467954869729,0.8159117923405507,0.8825766230381552,0.8539183498178943,0.040221596383126536,18,0.9967014032162255,0.9949800926286945,0.9925915806634933,0.9976267944446701,0.9964683172173474,0.9956736376340862,0.0017596999234583475
