threshold,tn,fp,fn,tp,precision,recall,f1,balanced_accuracy,expected_cost,cost_per_record
0.01,7149,580,14,257,0.3070489844683393,0.948339483394834,0.463898916967509,0.9366487169852938,860.0,0.1075
0.02,7394,335,23,248,0.42538593481989706,0.915129151291513,0.5807962529274004,0.9358929493034095,795.0,0.099375
0.03,7480,249,33,238,0.4887063655030801,0.8782287822878229,0.6279683377308707,0.9230062270864654,909.0,0.113625
0.04,7534,195,35,236,0.5475638051044084,0.8708487084870848,0.6723646723646723,0.9228095269696389,895.0,0.111875
0.05,7571,158,38,233,0.5959079283887468,0.8597785977859779,0.7039274924471299,0.9196680542300313,918.0,0.11475
0.060000000000000005,7588,141,39,232,0.6219839142091153,0.8560885608856088,0.7204968944099379,0.9189227899524435,921.0,0.115125
0.06999999999999999,7609,120,41,230,0.6571428571428571,0.8487084870848709,0.7407407407407407,0.916591272912341,940.0,0.1175
0.08,7625,104,43,228,0.6867469879518072,0.8413284132841329,0.7562189054726368,0.9139362987626513,964.0,0.1205
0.09,7631,98,43,228,0.6993865030674846,0.8413284132841329,0.7638190954773869,0.914324447294156,958.0,0.11975
0.09999999999999999,7644,85,43,228,0.7284345047923323,0.8413284132841329,0.7808219178082192,0.9151654357790828,945.0,0.118125
0.11,7651,78,43,228,0.7450980392156863,0.8413284132841329,0.7902946273830156,0.9156182757325051,938.0,0.11725
0.12,7656,73,43,228,0.7574750830564784,0.8413284132841329,0.7972027972027972,0.9159417328420922,933.0,0.116625
0.13,7661,68,44,227,0.7694915254237288,0.8376383763837638,0.8021201413427562,0.914420171501495,948.0,0.1185
0.14,7671,58,46,225,0.7950530035335689,0.8302583025830258,0.8122743682310469,0.9113770488203006,978.0,0.12225
0.15000000000000002,7674,55,48,223,0.802158273381295,0.8228782287822878,0.8123861566484517,0.9078810861856839,1015.0,0.126875
0.16,7678,51,48,223,0.8138686131386861,0.8228782287822878,0.818348623853211,0.9081398518733538,1011.0,0.126375
0.17,7681,48,48,223,0.8228782287822878,0.8228782287822878,0.8228782287822878,0.9083339261391061,1008.0,0.126
0.18000000000000002,7685,44,48,223,0.8352059925093633,0.8228782287822878,0.828996282527881,0.9085926918267759,1004.0,0.1255
0.19,7686,43,50,221,0.8371212121212122,0.8154981549815498,0.8261682242990654,0.9049673463483243,1043.0,0.130375
0.2,7690,39,51,220,0.8494208494208494,0.8118081180811808,0.8301886792452831,0.9033810935858098,1059.0,0.132375
0.21000000000000002,7691,38,52,219,0.8521400778210116,0.8081180811808119,0.8295454545454546,0.9016007665575427,1078.0,0.13475
0.22,7691,38,53,218,0.8515625,0.8044280442804428,0.8273244781783681,0.8997557481073581,1098.0,0.13725
0.23,7691,38,55,216,0.8503937007874016,0.7970479704797048,0.8228571428571428,0.8960657112069892,1138.0,0.14225
0.24000000000000002,7692,37,55,216,0.8537549407114624,0.7970479704797048,0.8244274809160306,0.8961304026289065,1137.0,0.142125
0.25,7694,35,55,216,0.8605577689243028,0.7970479704797048,0.8275862068965517,0.8962597854727414,1135.0,0.141875
0.26,7696,33,55,216,0.8674698795180723,0.7970479704797048,0.8307692307692308,0.8963891683165763,1133.0,0.141625
0.27,7696,33,55,216,0.8674698795180723,0.7970479704797048,0.8307692307692308,0.8963891683165763,1133.0,0.141625
0.28,7696,33,55,216,0.8674698795180723,0.7970479704797048,0.8307692307692308,0.8963891683165763,1133.0,0.141625
0.29000000000000004,7696,33,56,215,0.8669354838709677,0.7933579335793358,0.8285163776493256,0.894544149866392,1153.0,0.144125
0.3,7696,33,57,214,0.8663967611336032,0.7896678966789668,0.8262548262548263,0.8926991314162074,1173.0,0.146625
0.31,7697,32,57,214,0.8699186991869918,0.7896678966789668,0.8278529980657641,0.8927638228381248,1172.0,0.1465
0.32,7697,32,57,214,0.8699186991869918,0.7896678966789668,0.8278529980657641,0.8927638228381248,1172.0,0.1465
0.33,7698,31,57,214,0.8734693877551021,0.7896678966789668,0.8294573643410853,0.8928285142600423,1171.0,0.146375
0.34,7698,31,58,213,0.8729508196721312,0.7859778597785978,0.8271844660194175,0.8909834958098578,1191.0,0.148875
0.35000000000000003,7698,31,60,211,0.871900826446281,0.7785977859778598,0.8226120857699805,0.8872934589094887,1231.0,0.153875
0.36000000000000004,7698,31,61,210,0.8713692946058091,0.7749077490774908,0.8203125,0.8854484404593044,1251.0,0.156375
0.37,7700,29,62,209,0.8781512605042017,0.7712177121771218,0.8212180746561886,0.8837328048529547,1269.0,0.158625
0.38,7701,28,62,209,0.8818565400843882,0.7712177121771218,0.8228346456692913,0.8837974962748723,1268.0,0.1585
0.39,7702,27,62,209,0.885593220338983,0.7712177121771218,0.8244575936883629,0.8838621876967896,1267.0,0.158375
0.4,7703,26,62,209,0.8893617021276595,0.7712177121771218,0.8260869565217391,0.8839268791187072,1266.0,0.15825
0.41000000000000003,7703,26,62,209,0.8893617021276595,0.7712177121771218,0.8260869565217391,0.8839268791187072,1266.0,0.15825
0.42000000000000004,7705,24,62,209,0.8969957081545065,0.7712177121771218,0.8293650793650794,0.8840562619625421,1264.0,0.158
0.43,7705,24,62,209,0.8969957081545065,0.7712177121771218,0.8293650793650794,0.8840562619625421,1264.0,0.158
0.44,7705,24,63,208,0.896551724137931,0.7675276752767528,0.827037773359841,0.8822112435123575,1284.0,0.1605
0.45,7706,23,64,207,0.9,0.7638376383763837,0.8263473053892215,0.8804309164840904,1303.0,0.162875
0.46,7706,23,65,206,0.8995633187772926,0.7601476014760148,0.824,0.878585898033906,1323.0,0.165375
0.47000000000000003,7707,22,66,205,0.9030837004405287,0.7564575645756457,0.8232931726907631,0.8768055710056388,1342.0,0.16775
0.48000000000000004,7708,21,67,204,0.9066666666666666,0.7527675276752768,0.8225806451612904,0.8750252439773718,1361.0,0.170125
0.49,7709,20,69,202,0.9099099099099099,0.7453874538745388,0.8194726166328601,0.8713998984989203,1400.0,0.175
0.5,7709,20,69,202,0.9099099099099099,0.7453874538745388,0.8194726166328601,0.8713998984989203,1400.0,0.175
0.51,7709,20,70,201,0.9095022624434389,0.7416974169741697,0.8170731707317073,0.8695548800487358,1420.0,0.1775
0.52,7710,19,71,200,0.91324200913242,0.7380073800738007,0.8163265306122449,0.8677745530204688,1439.0,0.179875
0.53,7713,16,72,199,0.9255813953488372,0.7343173431734318,0.8189300411522634,0.8661236088360367,1456.0,0.182
0.54,7713,16,73,198,0.9252336448598131,0.7306273062730627,0.8164948453608247,0.8642785903858521,1476.0,0.1845
0.55,7714,15,74,197,0.9292452830188679,0.7269372693726938,0.8157349896480331,0.8624982633575851,1495.0,0.186875
0.56,7715,14,74,197,0.933649289099526,0.7269372693726938,0.8174273858921162,0.8625629547795025,1494.0,0.18675
0.5700000000000001,7715,14,74,197,0.933649289099526,0.7269372693726938,0.8174273858921162,0.8625629547795025,1494.0,0.18675
0.5800000000000001,7715,14,74,197,0.933649289099526,0.7269372693726938,0.8174273858921162,0.8625629547795025,1494.0,0.18675
0.59,7715,14,74,197,0.933649289099526,0.7269372693726938,0.8174273858921162,0.8625629547795025,1494.0,0.18675
0.6,7715,14,75,196,0.9333333333333333,0.7232472324723247,0.814968814968815,0.860717936329318,1514.0,0.18925
0.61,7715,14,76,195,0.9330143540669856,0.7195571955719557,0.8125,0.8588729178791334,1534.0,0.19175
0.62,7717,12,77,194,0.941747572815534,0.7158671586715867,0.8134171907756813,0.8571572822727839,1552.0,0.194
0.63,7718,11,77,194,0.9463414634146341,0.7158671586715867,0.8151260504201681,0.8572219736947013,1551.0,0.193875
0.64,7718,11,78,193,0.946078431372549,0.7121771217712177,0.8126315789473684,0.8553769552445168,1571.0,0.196375
0.65,7718,11,78,193,0.946078431372549,0.7121771217712177,0.8126315789473684,0.8553769552445168,1571.0,0.196375
0.66,7719,10,78,193,0.9507389162561576,0.7121771217712177,0.8143459915611815,0.8554416466664343,1570.0,0.19625
0.67,7720,9,82,189,0.9545454545454546,0.6974169741697417,0.8059701492537313,0.8481262642876137,1649.0,0.206125
0.68,7721,8,83,188,0.9591836734693877,0.6937269372693727,0.8051391862955032,0.8463459372593467,1668.0,0.2085
0.6900000000000001,7721,8,85,186,0.9587628865979382,0.6863468634686347,0.8,0.8426559003589777,1708.0,0.2135
0.7000000000000001,7721,8,85,186,0.9587628865979382,0.6863468634686347,0.8,0.8426559003589777,1708.0,0.2135
0.7100000000000001,7721,8,86,185,0.9585492227979274,0.6826568265682657,0.7974137931034483,0.8408108819087932,1728.0,0.216
0.72,7721,8,88,183,0.9581151832460733,0.6752767527675276,0.7922077922077922,0.8371208450084242,1768.0,0.221
0.73,7721,8,88,183,0.9581151832460733,0.6752767527675276,0.7922077922077922,0.8371208450084242,1768.0,0.221
0.74,7721,8,88,183,0.9581151832460733,0.6752767527675276,0.7922077922077922,0.8371208450084242,1768.0,0.221
0.75,7721,8,90,181,0.9576719576719577,0.6678966789667896,0.7869565217391304,0.8334308081080553,1808.0,0.226
0.76,7722,7,90,181,0.9627659574468085,0.6678966789667896,0.7886710239651417,0.8334954995299726,1807.0,0.225875
0.77,7722,7,91,180,0.9625668449197861,0.6642066420664207,0.7860262008733624,0.8316504810797882,1827.0,0.228375
0.78,7722,7,93,178,0.9621621621621622,0.6568265682656826,0.7807017543859649,0.8279604441794192,1867.0,0.233375
0.79,7722,7,94,177,0.9619565217391305,0.6531365313653137,0.778021978021978,0.8261154257292347,1887.0,0.235875
0.8,7722,7,96,175,0.9615384615384616,0.6457564575645757,0.7726269315673289,0.8224253888288657,1927.0,0.240875
0.81,7722,7,99,172,0.9608938547486033,0.6346863468634686,0.7644444444444445,0.8168903334783122,1987.0,0.248375
0.8200000000000001,7722,7,104,167,0.9597701149425287,0.6162361623616236,0.750561797752809,0.8076652412273897,2087.0,0.260875
0.8300000000000001,7722,7,105,166,0.9595375722543352,0.6125461254612546,0.7477477477477478,0.8058202227772051,2107.0,0.263375
0.8400000000000001,7722,7,106,165,0.9593023255813954,0.6088560885608856,0.744920993227991,0.8039752043270206,2127.0,0.265875
0.85,7722,7,107,164,0.9590643274853801,0.6051660516605166,0.7420814479638009,0.8021301858768362,2147.0,0.268375
0.86,7722,7,107,164,0.9590643274853801,0.6051660516605166,0.7420814479638009,0.8021301858768362,2147.0,0.268375
0.87,7722,7,108,163,0.9588235294117647,0.6014760147601476,0.7392290249433107,0.8002851674266516,2167.0,0.270875
0.88,7722,7,114,157,0.9573170731707317,0.5793357933579336,0.7218390804597701,0.7892150567255447,2287.0,0.285875
0.89,7724,5,115,156,0.968944099378882,0.5756457564575646,0.7222222222222222,0.787499421119195,2305.0,0.288125
0.9,7724,5,117,154,0.9685534591194969,0.5682656826568265,0.7162790697674418,0.7838093842188261,2345.0,0.293125
0.91,7725,4,119,152,0.9743589743589743,0.5608856088560885,0.711943793911007,0.7801840387403745,2384.0,0.298
0.92,7726,3,124,147,0.98,0.5424354243542435,0.6983372921615202,0.7710236379113694,2483.0,0.310375
0.93,7727,2,131,140,0.9859154929577465,0.5166051660516605,0.6779661016949152,0.7581732001819954,2622.0,0.32775
0.9400000000000001,7728,1,141,130,0.9923664122137404,0.4797047970479705,0.6467661691542289,0.7397877071020678,2821.0,0.352625
0.9500000000000001,7729,0,154,117,1.0,0.4317343173431734,0.6030927835051546,0.7158671586715867,3080.0,0.385
0.9600000000000001,7729,0,171,100,1.0,0.36900369003690037,0.5390835579514824,0.6845018450184501,3420.0,0.4275
0.97,7729,0,193,78,1.0,0.2878228782287823,0.4469914040114613,0.6439114391143912,3860.0,0.4825
0.98,7729,0,251,20,1.0,0.07380073800738007,0.13745704467353953,0.53690036900369,5020.0,0.6275
0.99,7729,0,271,0,0.0,0.0,0.0,0.5,5420.0,0.6775
