,Type,Air temperature [K],Process temperature [K],Rotational speed [rpm],Torque [Nm],Tool wear [min],Temperature difference [K],Mechanical power [W],Machine failure
Type,1.0,-0.01310003250294963,-0.009576586671157579,-0.003921406760000805,-0.00016741683374066829,-0.007547575568367451,0.004986322667168059,-0.0022996113058133955,-0.03701779572108229
Air temperature [K],-0.01310003250294963,1.0,0.8642172381038954,0.013731766391799608,-0.011765485299413805,0.013495113624912349,-0.7055707568402243,-0.010390261491593996,0.08322330146628734
Process temperature [K],-0.009576586671157579,0.8642172381038954,1.0,0.016984734822450328,-0.014487539876376333,0.013701502598365209,-0.2680922887824735,-0.012031323295443883,0.039946000157371285
Rotational speed [rpm],-0.003921406760000805,0.013731766391799608,0.016984734822450328,1.0,-0.9164741739092678,0.0031675436798343486,-0.0057364611848670895,-0.8171123096718454,-0.16718752384900482
Torque [Nm],-0.00016741683374066829,-0.011765485299413805,-0.014487539876376333,-0.9164741739092678,1.0,-0.0038867893726305717,0.00472923724255614,0.9777634527736212,0.16941349039555567
Tool wear [min],-0.007547575568367451,0.013495113624912349,0.013701502598365209,0.0031675436798343486,-0.0038867893726305717,1.0,-0.006398841118508013,-0.003268281399632706,0.10162970317973681
Temperature difference [K],0.004986322667168059,-0.7055707568402243,-0.2680922887824735,-0.0057364611848670895,0.00472923724255614,-0.006398841118508013,1.0,0.004884751784797185,-0.10181816983809192
Mechanical power [W],-0.0022996113058133955,-0.010390261491593996,-0.012031323295443883,-0.8171123096718454,0.9777634527736212,-0.003268281399632706,0.004884751784797185,1.0,0.15400044629388532
Machine failure,-0.03701779572108229,0.08322330146628734,0.039946000157371285,-0.16718752384900482,0.16941349039555567,0.10162970317973681,-0.10181816983809192,0.15400044629388532,1.0
