algorithm,clusters,silhouette,calinski_harabasz,davies_bouldin,minimum_cluster_fraction,stability_ari,bic,aic,silhouette_rank,davies_rank,stability_rank,selection_rank_sum
kmeans,3,0.21062451452688918,1530.6483445699039,1.4559566000480844,0.249,0.9880315421827834,,,1.0,1.0,4.0,6.0
kmeans,2,0.20484609310592522,1451.4197683844955,1.7448483571985323,0.3962,0.9911545218747161,,,2.0,5.0,3.0,10.0
kmeans,6,0.1702613876115061,1107.128204472538,1.5211912644010137,0.0715,0.9874613925238682,,,4.0,2.0,5.0,11.0
kmeans,5,0.16377487034214305,1199.512971362193,1.611665455225537,0.0764,0.9918304462594981,,,5.0,4.0,2.0,11.0
kmeans,4,0.1840499329840529,1330.563060098819,1.5570858957353728,0.1462,0.971937936729684,,,3.0,3.0,6.0,12.0
gaussian_mixture,3,0.12244940492695464,672.2867874359396,2.7501325785700863,0.1003,0.9999399970921522,-239905.6283652421,-241326.0654185214,6.0,8.0,1.0,15.0
gaussian_mixture,5,0.06897893908865962,309.2127294442978,2.4917823390746316,0.0148,0.9715663170844689,-341277.85883748095,-343650.06081986113,8.0,7.0,7.0,22.0
gaussian_mixture,4,0.10071168867830052,636.7099240956936,2.8829556382975086,0.1003,0.8859342215625506,-254756.88997065485,-256653.2094884846,7.0,9.0,8.0,24.0
gaussian_mixture,6,0.03064289342031683,276.9449256900303,2.44343978272833,0.0152,0.7328536411537202,-344842.7724994445,-347690.8569463751,10.0,6.0,9.0,25.0
gaussian_mixture,2,0.04902621257547058,100.19476304112794,4.039106485196791,0.1003,0.33226519346255173,-219347.7885575557,-220292.34314628458,9.0,10.0,10.0,29.0
